ticker,datetime,title,summary,source,sector,sentiment_score,sentiment_label,latest_price,retrieved_at,price_change_pct
AAPL,2025-07-27T10:51:09Z,Second Quarter Earnings Season: Google Reinforces The AI Story,"The second-quarter earnings season enters its busiest week. The economic calendar is packed with GDP, tariffs, the Fed, and the monthly jobs reports.",Forbes,Tech,0.0,neutral,212.05,2025-07-28T11:27:55.330454+00:00,-0.68
AAPL,2025-07-27T08:22:44Z,Hartford Financial Management Inc. Lowers Stake in Apple Inc. (NASDAQ:AAPL),"Hartford Financial Management Inc. decreased its holdings in Apple Inc. (NASDAQ:AAPL – Free Report) by 1.2% in the first quarter, Holdings Channel reports. The firm owned 60,769 shares of the iPhone maker’s stock after selling 723 shares during the quarter. A…",ETF Daily News,Tech,0.7351,positive,212.05,2025-07-28T11:27:55.330454+00:00,-0.68
AAPL,2025-07-27T08:22:44Z,Merrion Investment Management Co LLC Lowers Stake in Apple Inc. (NASDAQ:AAPL),"Merrion Investment Management Co LLC decreased its holdings in Apple Inc. (NASDAQ:AAPL – Free Report) by 0.6% during the 1st quarter, HoldingsChannel reports. The firm owned 47,691 shares of the iPhone maker’s stock after selling 285 shares during the quarter…",ETF Daily News,Tech,0.7351,positive,212.05,2025-07-28T11:27:55.330454+00:00,-0.68
AAPL,2025-07-27T07:42:48Z,Apple Inc. (NASDAQ:AAPL) is Rolek Wealth Management LLC’s 9th Largest Position,"Rolek Wealth Management LLC raised its position in Apple Inc. (NASDAQ:AAPL – Free Report) by 5.1% in the first quarter, according to its most recent Form 13F filing with the Securities & Exchange Commission. The fund owned 2,818 shares of the iPhone maker’s s…",ETF Daily News,Tech,0.9201,positive,212.05,2025-07-28T11:27:55.330454+00:00,-0.68
AAPL,2025-07-27T07:42:48Z,"Townsend Asset Management Corp NC ADV Sells 1,306 Shares of Apple Inc. (NASDAQ:AAPL)","Townsend Asset Management Corp NC ADV trimmed its holdings in Apple Inc. (NASDAQ:AAPL – Free Report) by 3.6% during the first quarter, according to the company in its most recent filing with the Securities & Exchange Commission. The institutional investor own…",ETF Daily News,Tech,0.8934,positive,212.05,2025-07-28T11:27:55.330454+00:00,-0.68
AAPL,2025-07-27T07:42:47Z,Trifecta Capital Advisors LLC Increases Position in Apple Inc. (NASDAQ:AAPL),"Trifecta Capital Advisors LLC lifted its holdings in Apple Inc. (NASDAQ:AAPL – Free Report) by 1.9% during the first quarter, HoldingsChannel.com reports. The firm owned 113,446 shares of the iPhone maker’s stock after purchasing an additional 2,130 shares du…",ETF Daily News,Tech,0.7717,positive,212.05,2025-07-28T11:27:55.330454+00:00,-0.68
AAPL,2025-07-27T07:42:47Z,Apple Inc. (NASDAQ:AAPL) Position Boosted by ORG Wealth Partners LLC,"ORG Wealth Partners LLC increased its stake in Apple Inc. (NASDAQ:AAPL – Free Report) by 57.0% during the first quarter, HoldingsChannel reports. The firm owned 24,637 shares of the iPhone maker’s stock after acquiring an additional 8,941 shares during the pe…",ETF Daily News,Tech,0.9493,positive,212.05,2025-07-28T11:27:55.330454+00:00,-0.68
AAPL,2025-07-27T07:42:47Z,Sterling Investment Counsel LLC Has $15.09 Million Holdings in Apple Inc. (NASDAQ:AAPL),"Sterling Investment Counsel LLC increased its holdings in shares of Apple Inc. (NASDAQ:AAPL – Free Report) by 82.5% in the first quarter, HoldingsChannel reports. The institutional investor owned 67,925 shares of the iPhone maker’s stock after purchasing an a…",ETF Daily News,Tech,0.8316,positive,212.05,2025-07-28T11:27:55.330454+00:00,-0.68
AAPL,2025-07-27T07:42:46Z,Compass Capital Corp MA ADV Lowers Stock Holdings in Apple Inc. (NASDAQ:AAPL),"Compass Capital Corp MA ADV decreased its position in Apple Inc. (NASDAQ:AAPL – Free Report) by 20.2% during the first quarter, according to the company in its most recent disclosure with the SEC. The firm owned 31,655 shares of the iPhone maker’s stock after…",ETF Daily News,Tech,0.6124,positive,212.05,2025-07-28T11:27:55.330454+00:00,-0.68
AAPL,2025-07-27T07:42:46Z,Apple Inc. (NASDAQ:AAPL) Shares Sold by Strategic Point Investment Advisors LLC,"Strategic Point Investment Advisors LLC decreased its holdings in shares of Apple Inc. (NASDAQ:AAPL – Free Report) by 4.9% in the 1st quarter, Holdings Channel.com reports. The fund owned 7,891 shares of the iPhone maker’s stock after selling 407 shares durin…",ETF Daily News,Tech,0.8779,positive,212.05,2025-07-28T11:27:55.330454+00:00,-0.68
AAPL,2025-07-27T07:42:46Z,Advisory Resource Group Boosts Holdings in Apple Inc. (NASDAQ:AAPL),"Advisory Resource Group boosted its position in shares of Apple Inc. (NASDAQ:AAPL – Free Report) by 1.1% in the first quarter, according to its most recent Form 13F filing with the Securities & Exchange Commission. The fund owned 24,865 shares of the iPhone m…",ETF Daily News,Tech,0.9136,positive,212.05,2025-07-28T11:27:55.330454+00:00,-0.68
AAPL,2025-07-27T07:04:48Z,Analysts Set Apple Inc. (NASDAQ:AAPL) Price Target at $235.11,"Apple Inc. (NASDAQ:AAPL – Get Free Report) has earned a consensus recommendation of “Moderate Buy” from the thirty research firms that are covering the firm, Marketbeat reports. Two equities research analysts have rated the stock with a sell rating, eleven ha…",ETF Daily News,Tech,0.5106,positive,212.05,2025-07-28T11:27:55.330454+00:00,-0.68
AAPL,2025-07-27T06:40:43Z,Best Technology Stocks To Watch Today – July 25th,"NVIDIA, Palantir Technologies, Advanced Micro Devices, Microsoft, and Apple are the five Technology stocks to watch today, according to MarketBeat’s stock screener tool. Technology stocks are shares of publicly traded companies whose primary business involves…",ETF Daily News,Tech,0.8126,positive,212.05,2025-07-28T11:27:55.330454+00:00,-0.68
AAPL,2025-07-26T18:47:00Z,Analysts turn heads with new Alphabet stock price target after earnings,Here’s what could be next for the Google parent.,TheStreet,Tech,0.0,neutral,212.05,2025-07-28T11:27:55.330454+00:00,-0.87
AAPL,2025-07-26T11:05:00Z,AAPL STOCK UPDATE: Apple Inc. (NASDAQ:AAPL) is being Sued for Securities Fraud – Contact BFA Law by August 19 Class Action Deadline,"Apple Inc. investors that lost money are notified to contact BFA Law before the August 19, 2025 securities fraud class action deadline.......",GlobeNewswire,Tech,-0.7579,negative,212.05,2025-07-28T11:27:55.330454+00:00,-1.29
AAPL,2025-07-26T11:00:02Z,Alphabet Had a ‘Standout Quarter.’ Should You Buy GOOG Stock Here?,Alphabet stock rose only slightly yesterday despite the company posting stellar Q2 results. Here’s what drove the divergence and whether the stock is a good ...,Barchart.com,Tech,0.4404,positive,212.05,2025-07-28T11:27:55.330454+00:00,-1.29
AAPL,2025-07-26T07:48:54Z,Heartwood Wealth Advisors LLC Has $4.53 Million Stake in Apple Inc. (NASDAQ:AAPL),"Heartwood Wealth Advisors LLC lessened its position in Apple Inc. (NASDAQ:AAPL – Free Report) by 1.0% in the 1st quarter, according to its most recent Form 13F filing with the SEC. The institutional investor owned 20,377 shares of the iPhone maker’s stock aft…",ETF Daily News,Tech,0.8979,positive,212.05,2025-07-28T11:27:55.330454+00:00,-1.29
AAPL,2025-07-26T07:48:53Z,Greenup Street Wealth Management LLC Lowers Holdings in Apple Inc. (NASDAQ:AAPL),"Greenup Street Wealth Management LLC decreased its stake in Apple Inc. (NASDAQ:AAPL – Free Report) by 67.6% during the first quarter, according to its most recent disclosure with the Securities & Exchange Commission. The fund owned 9,403 shares of the iPhone …",ETF Daily News,Tech,0.9118,positive,212.05,2025-07-28T11:27:55.330454+00:00,-1.29
AAPL,2025-07-26T07:48:53Z,Harrell Investment Partners LLC Has $23.37 Million Stock Position in Apple Inc. (NASDAQ:AAPL),"Harrell Investment Partners LLC increased its stake in Apple Inc. (NASDAQ:AAPL – Free Report) by 1.9% in the 1st quarter, HoldingsChannel.com reports. The fund owned 105,215 shares of the iPhone maker’s stock after purchasing an additional 1,959 shares during…",ETF Daily News,Tech,0.8316,positive,212.05,2025-07-28T11:27:55.330454+00:00,-1.29
AAPL,2025-07-26T07:48:52Z,"Hamilton Capital Partners LLC Purchases 29,569 Shares of Apple Inc. (NASDAQ:AAPL)","Hamilton Capital Partners LLC lifted its position in shares of Apple Inc. (NASDAQ:AAPL – Free Report) by 63.1% during the first quarter, HoldingsChannel reports. The fund owned 76,426 shares of the iPhone maker’s stock after acquiring an additional 29,569 sha…",ETF Daily News,Tech,0.836,positive,212.05,2025-07-28T11:27:55.330454+00:00,-1.29
MSFT,2025-07-27T10:51:09Z,Second Quarter Earnings Season: Google Reinforces The AI Story,"The second-quarter earnings season enters its busiest week. The economic calendar is packed with GDP, tariffs, the Fed, and the monthly jobs reports.",Forbes,Tech,0.0,neutral,506.7,2025-07-28T11:27:55.330454+00:00,-1.9
MSFT,2025-07-27T07:46:50Z,Microsoft (NASDAQ:MSFT) Price Target Raised to $600.00,"Microsoft (NASDAQ:MSFT – Free Report) had its price target boosted by Loop Capital from $550.00 to $600.00 in a research report sent to investors on Thursday morning,Benzinga reports. They currently have a buy rating on the software giant’s stock. Other analy…",ETF Daily News,Tech,0.7003,positive,506.7,2025-07-28T11:27:55.330454+00:00,-1.9
MSFT,2025-07-27T07:08:50Z,Shelton Wealth Management LLC Increases Stake in Microsoft Corporation (NASDAQ:MSFT),"Shelton Wealth Management LLC grew its position in Microsoft Corporation (NASDAQ:MSFT – Free Report) by 1.3% in the first quarter, HoldingsChannel.com reports. The firm owned 3,260 shares of the software giant’s stock after acquiring an additional 42 shares d…",ETF Daily News,Tech,0.9201,positive,506.7,2025-07-28T11:27:55.330454+00:00,-1.9
MSFT,2025-07-27T07:08:49Z,Vanderbilt University Raises Holdings in Microsoft Corporation (NASDAQ:MSFT),"Vanderbilt University lifted its holdings in shares of Microsoft Corporation (NASDAQ:MSFT – Free Report) by 14.9% during the first quarter, according to its most recent disclosure with the SEC. The fund owned 19,476 shares of the software giant’s stock after …",ETF Daily News,Tech,0.7717,positive,506.7,2025-07-28T11:27:55.330454+00:00,-1.9
MSFT,2025-07-27T07:08:49Z,DecisionMap Wealth Management LLC Buys 105 Shares of Microsoft Corporation (NASDAQ:MSFT),"DecisionMap Wealth Management LLC grew its stake in Microsoft Corporation (NASDAQ:MSFT – Free Report) by 1.4% during the 1st quarter, according to the company in its most recent 13F filing with the Securities and Exchange Commission. The firm owned 7,755 shar…",ETF Daily News,Tech,0.9201,positive,506.7,2025-07-28T11:27:55.330454+00:00,-1.9
MSFT,2025-07-27T07:08:49Z,Osborne Partners Capital Management LLC Has $53.41 Million Stock Holdings in Microsoft Corporation (NASDAQ:MSFT),"Osborne Partners Capital Management LLC reduced its holdings in shares of Microsoft Corporation (NASDAQ:MSFT – Free Report) by 3.1% in the 1st quarter, Holdings Channel.com reports. The institutional investor owned 142,281 shares of the software giant’s stock…",ETF Daily News,Tech,0.7717,positive,506.7,2025-07-28T11:27:55.330454+00:00,-1.9
MSFT,2025-07-27T07:08:49Z,Microsoft Corporation (NASDAQ:MSFT) Shares Sold by Martin Worley Group,"Martin Worley Group cut its position in shares of Microsoft Corporation (NASDAQ:MSFT – Free Report) by 13.9% in the 1st quarter, according to its most recent disclosure with the Securities and Exchange Commission (SEC). The fund owned 2,718 shares of the soft…",ETF Daily News,Tech,0.8402,positive,506.7,2025-07-28T11:27:55.330454+00:00,-1.9
MSFT,2025-07-27T07:08:49Z,LongView Wealth Management Has $3.73 Million Position in Microsoft Corporation (NASDAQ:MSFT),"LongView Wealth Management lowered its holdings in Microsoft Corporation (NASDAQ:MSFT – Free Report) by 3.1% during the first quarter, according to the company in its most recent Form 13F filing with the SEC. The institutional investor owned 9,924 shares of t…",ETF Daily News,Tech,0.886,positive,506.7,2025-07-28T11:27:55.330454+00:00,-1.9
MSFT,2025-07-27T07:08:48Z,OLD Second National Bank of Aurora Has $14.45 Million Holdings in Microsoft Corporation (NASDAQ:MSFT),"OLD Second National Bank of Aurora reduced its position in shares of Microsoft Corporation (NASDAQ:MSFT – Free Report) by 1.0% in the first quarter, according to the company in its most recent filing with the Securities & Exchange Commission. The firm owned 3…",ETF Daily News,Tech,0.7717,positive,506.7,2025-07-28T11:27:55.330454+00:00,-1.9
MSFT,2025-07-27T07:08:48Z,Avior Wealth Management LLC Reduces Stock Holdings in Microsoft Corporation (NASDAQ:MSFT),"Avior Wealth Management LLC cut its holdings in shares of Microsoft Corporation (NASDAQ:MSFT – Free Report) by 8.9% during the first quarter, HoldingsChannel.com reports. The fund owned 51,592 shares of the software giant’s stock after selling 5,032 shares du…",ETF Daily News,Tech,0.9217,positive,506.7,2025-07-28T11:27:55.330454+00:00,-1.9
MSFT,2025-07-27T07:08:48Z,Microsoft Corporation (NASDAQ:MSFT) Shares Acquired by Investment Research & Advisory Group Inc.,"Investment Research & Advisory Group Inc. lifted its holdings in shares of Microsoft Corporation (NASDAQ:MSFT – Free Report) by 0.5% in the 1st quarter, HoldingsChannel reports. The institutional investor owned 24,404 shares of the software giant’s stock afte…",ETF Daily News,Tech,0.836,positive,506.7,2025-07-28T11:27:55.330454+00:00,-1.9
MSFT,2025-07-27T07:08:47Z,Microsoft Corporation (NASDAQ:MSFT) Stock Holdings Decreased by Means Investment CO. Inc.,"Means Investment CO. Inc. lowered its stake in shares of Microsoft Corporation (NASDAQ:MSFT – Free Report) by 5.1% during the first quarter, Holdings Channel reports. The fund owned 100,224 shares of the software giant’s stock after selling 5,421 shares durin…",ETF Daily News,Tech,0.8126,positive,506.7,2025-07-28T11:27:55.330454+00:00,-1.9
MSFT,2025-07-27T06:40:43Z,Best Technology Stocks To Watch Today – July 25th,"NVIDIA, Palantir Technologies, Advanced Micro Devices, Microsoft, and Apple are the five Technology stocks to watch today, according to MarketBeat’s stock screener tool. Technology stocks are shares of publicly traded companies whose primary business involves…",ETF Daily News,Tech,0.8126,positive,506.7,2025-07-28T11:27:55.330454+00:00,-1.9
MSFT,2025-07-27T05:34:44Z,Microsoft (NASDAQ:MSFT) Hits New 1-Year High Following Analyst Upgrade,Microsoft Corporation (NASDAQ:MSFT – Get Free Report)’s stock price hit a new 52-week high during trading on Friday after Evercore ISI raised their price target on the stock from $515.00 to $545.00. Evercore ISI currently has an outperform rating on the stock…,ETF Daily News,Tech,0.5106,positive,506.7,2025-07-28T11:27:55.330454+00:00,-1.9
MSFT,2025-07-27T05:22:50Z,Bango’s (BGO) Buy Rating Reaffirmed at Canaccord Genuity Group,"Canaccord Genuity Group reaffirmed their buy rating on shares of Bango (LON:BGO – Free Report) in a research note released on Thursday morning, MarketBeat Ratings reports. They currently have a GBX 244 ($3.28) target price on the stock. Bango Stock Performanc…",ETF Daily News,Tech,0.6705,positive,506.7,2025-07-28T11:27:55.330454+00:00,-1.9
MSFT,2025-07-27T03:05:43Z,Sanmina Earnings: What To Look For From SANM,Electronics manufacturing services company Sanmina (NASDAQ:SANM) will be reporting results this Monday after market close. Here’s what to expect.,Yahoo Entertainment,Tech,0.0,neutral,506.7,2025-07-28T11:27:55.330454+00:00,-1.9
MSFT,2025-07-26T23:29:19Z,Microsoft Corporation (MSFT): “Will You Cut It Out?” Asks Jim Cramer,In This Article: We recently published 9 Stocks Jim Cramer Discussed As He Commented On Big Tech. Microsoft Corporation (NASDAQ:MSFT) is one of the stocks Jim Cramer recently discussed. Microsoft Corporation (NASDAQ:MSFT)’s shares have gained 22% year-to-date…,Biztoc.com,Tech,0.4019,positive,506.7,2025-07-28T11:27:55.330454+00:00,-1.9
MSFT,2025-07-26T23:12:59Z,Microsoft Corporation (MSFT): “Will You Cut It Out?” Asks Jim Cramer,,Yahoo Entertainment,Tech,-0.2732,negative,506.7,2025-07-28T11:27:55.330454+00:00,-1.9
MSFT,2025-07-26T15:53:18Z,The Microsoft Hack Affected Some of the Highest Levels of Government. The Stock Is Up,,Biztoc.com,Tech,-0.1531,negative,506.7,2025-07-28T11:27:55.330454+00:00,-1.42
MSFT,2025-07-26T11:00:02Z,Alphabet Had a ‘Standout Quarter.’ Should You Buy GOOG Stock Here?,Alphabet stock rose only slightly yesterday despite the company posting stellar Q2 results. Here’s what drove the divergence and whether the stock is a good ...,Barchart.com,Tech,0.4404,positive,506.7,2025-07-28T11:27:55.330454+00:00,-0.97
GOOGL,2025-07-27T10:51:09Z,Second Quarter Earnings Season: Google Reinforces The AI Story,"The second-quarter earnings season enters its busiest week. The economic calendar is packed with GDP, tariffs, the Fed, and the monthly jobs reports.",Forbes,Tech,0.0,neutral,186.25,2025-07-28T11:27:55.330454+00:00,-3.54
GOOGL,2025-07-27T10:36:51Z,Alphabet Inc. (NASDAQ:GOOGL) Shares Purchased by Conservest Capital Advisors Inc.,"Conservest Capital Advisors Inc. raised its stake in Alphabet Inc. (NASDAQ:GOOGL – Free Report) by 17.4% during the first quarter, Holdings Channel.com reports. The firm owned 4,324 shares of the information services provider’s stock after purchasing an addit…",ETF Daily News,Tech,0.7717,positive,186.25,2025-07-28T11:27:55.330454+00:00,-3.54
GOOGL,2025-07-27T10:36:51Z,Alphabet Inc. (NASDAQ:GOOGL) is AustralianSuper Pty Ltd’s 6th Largest Position,"AustralianSuper Pty Ltd reduced its holdings in Alphabet Inc. (NASDAQ:GOOGL – Free Report) by 57.6% in the 1st quarter, Holdings Channel reports. The fund owned 2,420,212 shares of the information services provider’s stock after selling 3,282,635 shares durin…",ETF Daily News,Tech,0.7717,positive,186.25,2025-07-28T11:27:55.330454+00:00,-3.54
GOOGL,2025-07-27T10:36:51Z,Alphabet Inc. (NASDAQ:GOOGL) Shares Bought by Copperwynd Financial LLC,"Copperwynd Financial LLC increased its stake in Alphabet Inc. (NASDAQ:GOOGL – Free Report) by 4.6% in the first quarter, according to its most recent 13F filing with the Securities & Exchange Commission. The institutional investor owned 8,776 shares of the in…",ETF Daily News,Tech,0.875,positive,186.25,2025-07-28T11:27:55.330454+00:00,-3.54
GOOGL,2025-07-27T09:56:47Z,Kestra Private Wealth Services LLC Has $64.41 Million Holdings in Alphabet Inc. (NASDAQ:GOOGL),"Kestra Private Wealth Services LLC increased its position in shares of Alphabet Inc. (NASDAQ:GOOGL – Free Report) by 4.8% in the 1st quarter, according to its most recent Form 13F filing with the Securities & Exchange Commission. The firm owned 416,540 shares…",ETF Daily News,Tech,0.9349,positive,186.25,2025-07-28T11:27:55.330454+00:00,-3.54
GOOGL,2025-07-27T09:56:47Z,Resurgent Financial Advisors LLC Has $2.95 Million Position in Alphabet Inc. (NASDAQ:GOOGL),"Resurgent Financial Advisors LLC increased its holdings in shares of Alphabet Inc. (NASDAQ:GOOGL – Free Report) by 9.1% in the 1st quarter, HoldingsChannel reports. The firm owned 19,059 shares of the information services provider’s stock after acquiring an a…",ETF Daily News,Tech,0.8316,positive,186.25,2025-07-28T11:27:55.330454+00:00,-3.54
GOOGL,2025-07-27T09:56:47Z,"FAS Wealth Partners Inc. Sells 1,380 Shares of Alphabet Inc. (NASDAQ:GOOGL)","FAS Wealth Partners Inc. decreased its holdings in shares of Alphabet Inc. (NASDAQ:GOOGL – Free Report) by 5.6% in the first quarter, according to the company in its most recent Form 13F filing with the Securities & Exchange Commission. The firm owned 23,122 …",ETF Daily News,Tech,0.936,positive,186.25,2025-07-28T11:27:55.330454+00:00,-3.54
GOOGL,2025-07-27T09:56:47Z,SNS Financial Group LLC Acquires 126 Shares of Alphabet Inc. (NASDAQ:GOOGL),"SNS Financial Group LLC boosted its stake in shares of Alphabet Inc. (NASDAQ:GOOGL – Free Report) by 1.1% in the first quarter, according to its most recent 13F filing with the Securities and Exchange Commission (SEC). The institutional investor owned 11,896 …",ETF Daily News,Tech,0.886,positive,186.25,2025-07-28T11:27:55.330454+00:00,-3.54
GOOGL,2025-07-27T09:16:45Z,Alphabet (NASDAQ:GOOGL) Given New $220.00 Price Target at Needham & Company LLC,"Alphabet (NASDAQ:GOOGL – Free Report) had its target price increased by Needham & Company LLC from $210.00 to $220.00 in a research note released on Thursday morning, Marketbeat.com reports. They currently have a buy rating on the information services provide…",ETF Daily News,Tech,0.6597,positive,186.25,2025-07-28T11:27:55.330454+00:00,-3.54
GOOGL,2025-07-27T08:36:54Z,Alphabet (NASDAQ:GOOGL) Price Target Raised to $220.00,"Alphabet (NASDAQ:GOOGL – Free Report) had its price objective hoisted by Royal Bank Of Canada from $200.00 to $220.00 in a research note released on Thursday,BayStreet.CA reports. Royal Bank Of Canada currently has an outperform rating on the information serv…",ETF Daily News,Tech,0.5106,positive,186.25,2025-07-28T11:27:55.330454+00:00,-3.54
GOOGL,2025-07-27T08:36:54Z,Wedbush Boosts Alphabet (NASDAQ:GOOGL) Price Target to $225.00,"Alphabet (NASDAQ:GOOGL – Free Report) had its price objective raised by Wedbush from $200.00 to $225.00 in a research note issued to investors on Thursday,Benzinga reports. They currently have an outperform rating on the information services provider’s stock.…",ETF Daily News,Tech,0.6808,positive,186.25,2025-07-28T11:27:55.330454+00:00,-3.54
GOOGL,2025-07-27T08:36:53Z,Alphabet (NASDAQ:GOOGL) Price Target Raised to $191.00,"Alphabet (NASDAQ:GOOGL – Free Report) had its price objective lifted by Rosenblatt Securities from $189.00 to $191.00 in a research report sent to investors on Thursday morning,Benzinga reports. Rosenblatt Securities currently has a neutral rating on the info…",ETF Daily News,Tech,0.7717,positive,186.25,2025-07-28T11:27:55.330454+00:00,-3.54
GOOGL,2025-07-27T08:02:48Z,Alphabet (NASDAQ:GOOGL) Given New $225.00 Price Target at JMP Securities,"Alphabet (NASDAQ:GOOGL – Free Report) had its target price increased by JMP Securities from $220.00 to $225.00 in a research report released on Thursday morning,Benzinga reports. The brokerage currently has a market outperform rating on the information servic…",ETF Daily News,Tech,0.8316,positive,186.25,2025-07-28T11:27:55.330454+00:00,-3.54
GOOGL,2025-07-27T08:02:47Z,Alphabet (NASDAQ:GOOGL) Given New $232.00 Price Target at JPMorgan Chase & Co.,"Alphabet (NASDAQ:GOOGL – Free Report) had its target price raised by JPMorgan Chase & Co. from $200.00 to $232.00 in a research report released on Thursday, MarketBeat Ratings reports. The brokerage currently has an overweight rating on the information servic…",ETF Daily News,Tech,0.2023,positive,186.25,2025-07-28T11:27:55.330454+00:00,-3.54
GOOGL,2025-07-27T08:02:47Z,Alphabet (NASDAQ:GOOGL) Given New $180.00 Price Target at DA Davidson,"Alphabet (NASDAQ:GOOGL – Free Report) had its target price increased by DA Davidson from $160.00 to $180.00 in a research note published on Thursday,Benzinga reports. The brokerage currently has a neutral rating on the information services provider’s stock. D…",ETF Daily News,Tech,0.6597,positive,186.25,2025-07-28T11:27:55.330454+00:00,-3.54
GOOGL,2025-07-27T08:02:47Z,Bank of America Raises Alphabet (NASDAQ:GOOGL) Price Target to $217.00,"Alphabet (NASDAQ:GOOGL – Free Report) had its price target raised by Bank of America from $210.00 to $217.00 in a report published on Thursday,Benzinga reports. The firm currently has a buy rating on the information services provider’s stock. A number of othe…",ETF Daily News,Tech,0.5574,positive,186.25,2025-07-28T11:27:55.330454+00:00,-3.54
GOOGL,2025-07-27T05:26:54Z,William Blair Has Optimistic Outlook of Alphabet Q3 Earnings,"Alphabet Inc. (NASDAQ:GOOGL – Free Report) – Equities research analysts at William Blair increased their Q3 2025 earnings estimates for Alphabet in a research report issued on Wednesday, July 23rd. William Blair analyst R. Schackart now anticipates that the i…",ETF Daily News,Tech,0.7717,positive,186.25,2025-07-28T11:27:55.330454+00:00,-3.54
GOOGL,2025-07-27T05:26:53Z,Wedbush Analysts Boost Earnings Estimates for Alphabet,"Alphabet Inc. (NASDAQ:GOOGL – Free Report) – Stock analysts at Wedbush upped their Q3 2025 earnings per share estimates for Alphabet in a research note issued to investors on Thursday, July 24th. Wedbush analyst S. Devitt now forecasts that the information se…",ETF Daily News,Tech,0.802,positive,186.25,2025-07-28T11:27:55.330454+00:00,-3.54
GOOGL,2025-07-27T05:26:51Z,Roth Capital Estimates Alphabet’s Q3 Earnings (NASDAQ:GOOGL),"Alphabet Inc. (NASDAQ:GOOGL – Free Report) – Stock analysts at Roth Capital upped their Q3 2025 earnings per share (EPS) estimates for Alphabet in a research note issued on Thursday, July 24th. Roth Capital analyst R. Kulkarni now anticipates that the informa…",ETF Daily News,Tech,0.6705,positive,186.25,2025-07-28T11:27:55.330454+00:00,-3.54
GOOGL,2025-07-27T05:26:51Z,DA Davidson Predicts Alphabet’s Q3 Earnings (NASDAQ:GOOGL),"Alphabet Inc. (NASDAQ:GOOGL – Free Report) – Equities researchers at DA Davidson issued their Q3 2025 EPS estimates for Alphabet in a research report issued on Thursday, July 24th. DA Davidson analyst G. Luria expects that the information services provider wi…",ETF Daily News,Tech,0.5106,positive,186.25,2025-07-28T11:27:55.330454+00:00,-3.54
AMZN,2025-07-27T10:51:09Z,Second Quarter Earnings Season: Google Reinforces The AI Story,"The second-quarter earnings season enters its busiest week. The economic calendar is packed with GDP, tariffs, the Fed, and the monthly jobs reports.",Forbes,Retail,0.0,neutral,225.84,2025-07-28T11:27:55.330454+00:00,-2.55
AMZN,2025-07-27T08:46:44Z,"27,016 Shares in Amazon.com, Inc. (NASDAQ:AMZN) Acquired by Yukon Wealth Management Inc.","Yukon Wealth Management Inc. purchased a new stake in shares of Amazon.com, Inc. (NASDAQ:AMZN) in the first quarter, according to its most recent disclosure with the Securities and Exchange Commission. The firm purchased 27,016 shares of the e-commerce giant’…",ETF Daily News,Retail,0.9217,positive,225.84,2025-07-28T11:27:55.330454+00:00,-2.55
AMZN,2025-07-27T08:46:44Z,"Svenska Handelsbanken AB publ Buys New Position in Amazon.com, Inc. (NASDAQ:AMZN)","Svenska Handelsbanken AB publ purchased a new position in shares of Amazon.com, Inc. (NASDAQ:AMZN) in the 1st quarter, HoldingsChannel reports. The firm purchased 132,362 shares of the e-commerce giant’s stock, valued at approximately $25,183,000. Amazon.com …",ETF Daily News,Retail,0.743,positive,225.84,2025-07-28T11:27:55.330454+00:00,-2.55
AMZN,2025-07-27T08:46:43Z,"Meadow Creek Wealth Advisors LLC Sells 84 Shares of Amazon.com, Inc. (NASDAQ:AMZN)","Meadow Creek Wealth Advisors LLC cut its stake in Amazon.com, Inc. (NASDAQ:AMZN) by 0.7% in the first quarter, according to the company in its most recent filing with the Securities and Exchange Commission (SEC). The fund owned 12,217 shares of the e-commerce…",ETF Daily News,Retail,0.872,positive,225.84,2025-07-28T11:27:55.330454+00:00,-2.55
AMZN,2025-07-27T08:46:43Z,"TLW Wealth Management LLC Has $10.71 Million Stock Position in Amazon.com, Inc. (NASDAQ:AMZN)","TLW Wealth Management LLC lifted its position in shares of Amazon.com, Inc. (NASDAQ:AMZN) by 2.0% in the first quarter, HoldingsChannel.com reports. The fund owned 56,315 shares of the e-commerce giant’s stock after buying an additional 1,081 shares during th…",ETF Daily News,Retail,0.9001,positive,225.84,2025-07-28T11:27:55.330454+00:00,-2.55
AMZN,2025-07-27T08:45:56Z,90 Day Fiance UK S04E05 720p AMZN WEB-DL H264-RAWR,"Season 4, Episode 05 – “I Want To Keep My Chastity”Zena suspects everyone is lying and wonders whether Ebrima’s sister is actually his wife. Andy meets Arrah for the first time and is delighted to discover she’s real. Shorna has a crisis of faith and lures a …",Rlsbb.cc,Retail,-0.5423,negative,225.84,2025-07-28T11:27:55.330454+00:00,-2.55
AMZN,2025-07-27T08:10:59Z,90 Day Fiance UK S04E05 720p AMZN WEB-DL H264-RAWR,"Season 4, Episode 05 – ""I Want To Keep My Chastity""Zena suspects everyone is lying and wonders whether Ebrima's sister is actually his wife. Andy meets Arrah for the first time and is delighted to discover she's real. Shorna has a crisis of faith and lures a …",Rlsbb.ru,Retail,-0.5423,negative,225.84,2025-07-28T11:27:55.330454+00:00,-2.55
AMZN,2025-07-27T07:48:47Z,"Amazon.com, Inc. (NASDAQ:AMZN) Shares Bought by Harbour Trust & Investment Management Co","Harbour Trust & Investment Management Co grew its position in Amazon.com, Inc. (NASDAQ:AMZN) by 28.8% in the first quarter, HoldingsChannel reports. The institutional investor owned 55,489 shares of the e-commerce giant’s stock after acquiring an additional 1…",ETF Daily News,Retail,0.875,positive,225.84,2025-07-28T11:27:55.330454+00:00,-2.55
AMZN,2025-07-27T07:48:47Z,"Amazon.com, Inc. (NASDAQ:AMZN) Shares Sold by Sageworth Trust Co","Sageworth Trust Co lessened its holdings in Amazon.com, Inc. (NASDAQ:AMZN) by 14.0% in the first quarter, HoldingsChannel.com reports. The firm owned 3,369 shares of the e-commerce giant’s stock after selling 547 shares during the period. Sageworth Trust Co’s…",ETF Daily News,Retail,0.9382,positive,225.84,2025-07-28T11:27:55.330454+00:00,-2.55
AMZN,2025-07-27T07:48:47Z,"Amazon.com, Inc. (NASDAQ:AMZN) Shares Sold by Pictet North America Advisors SA","Pictet North America Advisors SA decreased its position in shares of Amazon.com, Inc. (NASDAQ:AMZN) by 1.6% during the 1st quarter, according to its most recent filing with the Securities and Exchange Commission (SEC). The institutional investor owned 154,856…",ETF Daily News,Retail,0.6808,positive,225.84,2025-07-28T11:27:55.330454+00:00,-2.55
AMZN,2025-07-27T07:48:46Z,"Fedenia Advisers LLC Purchases 1,439 Shares of Amazon.com, Inc. (NASDAQ:AMZN)","Fedenia Advisers LLC grew its holdings in Amazon.com, Inc. (NASDAQ:AMZN) by 12.2% during the 1st quarter, according to its most recent filing with the Securities and Exchange Commission. The fund owned 13,186 shares of the e-commerce giant’s stock after purch…",ETF Daily News,Retail,0.6808,positive,225.84,2025-07-28T11:27:55.330454+00:00,-2.55
AMZN,2025-07-27T07:48:46Z,"Amazon.com, Inc. (NASDAQ:AMZN) is GCQ FUNDS MANAGEMENT PTY Ltd’s 2nd Largest Position","GCQ FUNDS MANAGEMENT PTY Ltd boosted its position in shares of Amazon.com, Inc. (NASDAQ:AMZN) by 42.8% in the first quarter, Holdings Channel reports. The fund owned 316,622 shares of the e-commerce giant’s stock after purchasing an additional 94,890 shares d…",ETF Daily News,Retail,0.7964,positive,225.84,2025-07-28T11:27:55.330454+00:00,-2.55
AMZN,2025-07-27T07:48:46Z,"Amazon.com, Inc. (NASDAQ:AMZN) Shares Bought by LFA Lugano Financial Advisors SA","LFA Lugano Financial Advisors SA lifted its stake in shares of Amazon.com, Inc. (NASDAQ:AMZN) by 2.2% during the first quarter, according to the company in its most recent disclosure with the Securities & Exchange Commission. The institutional investor owned …",ETF Daily News,Retail,0.6808,positive,225.84,2025-07-28T11:27:55.330454+00:00,-2.55
AMZN,2025-07-27T07:48:46Z,"Amazon.com, Inc. (NASDAQ:AMZN) Shares Acquired by GR Financial Group LLC","GR Financial Group LLC boosted its position in shares of Amazon.com, Inc. (NASDAQ:AMZN) by 206.4% in the 1st quarter, according to its most recent filing with the Securities & Exchange Commission. The fund owned 8,849 shares of the e-commerce giant’s stock af…",ETF Daily News,Retail,0.8519,positive,225.84,2025-07-28T11:27:55.330454+00:00,-2.55
AMZN,2025-07-27T07:05:07Z,Dark Hearts 2014 1080p AMZN WEB-DL H264-OnlyWeb,"Awards 2 nominations total See more awards »Plot: When struggling artist Colson, finds his muse in sultry singer Fran, their daring romance spirals out of control into a dangerous game of deception and betrayal.’Genre: ThrillerIMDB Rating Live: IMDB Rating: 4…",Rlsbb.cc,Retail,0.8464,positive,225.84,2025-07-28T11:27:55.330454+00:00,-2.55
AMZN,2025-07-27T06:53:46Z,Dance Academy The Movie 2017 1080p AMZN WEB-DL H264-OnlyWeb,"Awards 5 nominations total See more awards »Plot: This 2017 movie follows the original dance academy TV show and tracks where the characters are in their lives now.Genre: DramaIMDB Rating Live: IMDB Rating: 6.8/10 From 1,864 UsersTMDB Rating: N/ARotten Rating…",Rlsbb.cc,Retail,0.8341,positive,225.84,2025-07-28T11:27:55.330454+00:00,-2.55
AMZN,2025-07-27T06:37:01Z,Dark Hearts 2014 1080p AMZN WEB-DL H264-OnlyWeb,"Awards 2 nominations total See more awards »Plot: When struggling artist Colson, finds his muse in sultry singer Fran, their daring romance spirals out of control into a dangerous game of deception and betrayal.’Genre: ThrillerIMDB Rating Live: IMDB Rating: 4…",Rlsbb.ru,Retail,0.8464,positive,225.84,2025-07-28T11:27:55.330454+00:00,-2.55
AMZN,2025-07-27T06:20:12Z,Dance Academy The Movie 2017 1080p AMZN WEB-DL H264-OnlyWeb,"Awards 5 nominations total See more awards » Plot: This 2017 movie follows the original dance academy TV show and tracks where the characters are in their lives now. Genre: DramaIMDB Rating Live: IMDB Rating: 6.8/10 From 1,864 UsersTMDB Rating: N/ARotten Rati…",Rlsbb.ru,Retail,0.8341,positive,225.84,2025-07-28T11:27:55.330454+00:00,-2.55
AMZN,2025-07-27T06:03:18Z,"Amazon.com (NASDAQ:AMZN) Stock Unloaded Rep. Robert Bresnahan, Jr.","Representative Robert Bresnahan, Jr. (R-Pennsylvania) recently sold shares of Amazon.com, Inc. (NASDAQ:AMZN). In a filing disclosed on July 08th, the Representative disclosed that they had sold between $1,001 and $15,000 in Amazon.com stock on June 23rd. The …",ETF Daily News,Retail,0.296,positive,225.84,2025-07-28T11:27:55.330454+00:00,-2.55
AMZN,2025-07-27T05:22:50Z,Bango’s (BGO) Buy Rating Reaffirmed at Canaccord Genuity Group,"Canaccord Genuity Group reaffirmed their buy rating on shares of Bango (LON:BGO – Free Report) in a research note released on Thursday morning, MarketBeat Ratings reports. They currently have a GBX 244 ($3.28) target price on the stock. Bango Stock Performanc…",ETF Daily News,Retail,0.6705,positive,225.84,2025-07-28T11:27:55.330454+00:00,-2.55
TSLA,2025-07-27T10:51:09Z,Second Quarter Earnings Season: Google Reinforces The AI Story,"The second-quarter earnings season enters its busiest week. The economic calendar is packed with GDP, tariffs, the Fed, and the monthly jobs reports.",Forbes,Auto,0.0,neutral,334.36,2025-07-28T11:27:55.330454+00:00,6.4
TSLA,2025-07-27T07:10:44Z,Top Electric Vehicle Stocks Worth Watching – July 25th,"Tesla, QuantumScape, Rivian Automotive, Vale, NIO, Textron, and Faraday Future Intelligent Electric are the seven Electric Vehicle stocks to watch today, according to MarketBeat’s stock screener tool. Electric vehicle stocks are shares of publicly traded comp…",ETF Daily News,Auto,0.7845,positive,334.36,2025-07-28T11:27:55.330454+00:00,6.4
TSLA,2025-07-27T06:24:44Z,"Tesla (NASDAQ:TSLA) Stock Price Expected to Rise, Canaccord Genuity Group Analyst Says","Tesla (NASDAQ:TSLA – Free Report) had its target price raised by Canaccord Genuity Group from $303.00 to $333.00 in a report issued on Thursday, MarketBeat.com reports. The brokerage currently has a buy rating on the electric vehicle producer’s stock. A numbe…",ETF Daily News,Auto,0.5106,positive,334.36,2025-07-28T11:27:55.330454+00:00,6.4
TSLA,2025-07-27T05:52:54Z,Tesla (NASDAQ:TSLA) Shares Up 3.5% Following Analyst Upgrade,"Shares of Tesla, Inc. (NASDAQ:TSLA – Get Free Report) rose 3.5% during trading on Friday after Canaccord Genuity Group raised their price target on the stock from $303.00 to $333.00. Canaccord Genuity Group currently has a buy rating on the stock. Tesla trade…",ETF Daily News,Auto,0.7717,positive,334.36,2025-07-28T11:27:55.330454+00:00,6.4
TSLA,2025-07-26T13:40:15Z,The $25 Trillion Monster Hiding Inside Tesla Stock,"Something extraordinary just happened in Hollywood … and no, it wasn’t a movie premiere. It was the future… serving popcorn. At Tesla’s (TSLA) new retro-futuristic diner on Santa Monica Boulevard, a humanoid robot walked straight out of science fiction and in…",Biztoc.com,Auto,-0.0772,negative,334.36,2025-07-28T11:27:55.330454+00:00,8.3
TSLA,2025-07-26T13:40:15Z,Prediction: Tesla Can Become a $20 Trillion Stock,"Key Points in This Article:         Tesla‘s (TSLA) $20 trillion valuation goal is rooted in its potential beyond EVs, focusing on AI, energy, and robotics.       Innovation and “extreme execution,” as emphasized by Elon Musk, are critical for achieving this a…",Biztoc.com,Auto,0.34,positive,334.36,2025-07-28T11:27:55.330454+00:00,8.3
TSLA,2025-07-26T11:00:02Z,Alphabet Had a ‘Standout Quarter.’ Should You Buy GOOG Stock Here?,Alphabet stock rose only slightly yesterday despite the company posting stellar Q2 results. Here’s what drove the divergence and whether the stock is a good ...,Barchart.com,Auto,0.4404,positive,334.36,2025-07-28T11:27:55.330454+00:00,9.04
TSLA,2025-07-26T07:20:48Z,Promising Automotive Stocks To Watch Now – July 24th,"Tesla, NVIDIA, Micron Technology, Taiwan Semiconductor Manufacturing, Union Pacific, AEye, and Bank of America are the seven Automotive stocks to watch today, according to MarketBeat’s stock screener tool. Automotive stocks are shares of publicly traded compa…",ETF Daily News,Auto,0.5994,positive,334.36,2025-07-28T11:27:55.330454+00:00,9.04
TSLA,2025-07-26T07:20:48Z,Best Energy Stocks To Add to Your Watchlist – July 24th,"Tesla, Broadcom, AltC Acquisition, Oklo, GE Vernova, Honeywell International, and DOW are the seven Energy stocks to watch today, according to MarketBeat’s stock screener tool. Energy stocks are shares of publicly traded companies involved in the exploration,…",ETF Daily News,Auto,0.8934,positive,334.36,2025-07-28T11:27:55.330454+00:00,9.04
TSLA,2025-07-26T06:38:49Z,Industrial Stocks To Research – July 24th,"Tesla, Broadcom, Thermo Fisher Scientific, Micron Technology, Honeywell International, Union Pacific, and DOW are the seven Industrial stocks to watch today, according to MarketBeat’s stock screener tool. Industrial stocks are shares of publicly traded compan…",ETF Daily News,Auto,0.296,positive,334.36,2025-07-28T11:27:55.330454+00:00,9.04
TSLA,2025-07-26T06:38:49Z,Retail Stocks To Watch Today – July 24th,"Tesla, Amazon.com, and Apple are the three Retail stocks to watch today, according to MarketBeat’s stock screener tool. Retail stocks are shares of publicly traded companies whose primary business involves selling goods or services directly to consumers throu…",ETF Daily News,Auto,0.296,positive,334.36,2025-07-28T11:27:55.330454+00:00,9.04
TSLA,2025-07-26T06:38:49Z,Solar Stocks To Keep An Eye On – July 24th,"Tesla, GE Vernova, Berkshire Hathaway, Vistra, NextEra Energy, Flex, and Constellation Energy are the seven Solar stocks to watch today, according to MarketBeat’s stock screener tool. Solar stocks are shares of publicly traded companies involved in the produc…",ETF Daily News,Auto,0.6597,positive,334.36,2025-07-28T11:27:55.330454+00:00,9.04
TSLA,2025-07-26T04:35:37Z,portfolio-analytics-ai added to PyPI,AI-powered portfolio analytics and optimization tools,Pypi.org,Auto,0.3818,positive,334.36,2025-07-28T11:27:55.330454+00:00,9.04
TSLA,2025-07-25T23:37:10Z,Here's How Much $100 Invested In Tesla 15 Years Ago Would Be Worth Today,"Tesla (NASDAQ:TSLA) has outperformed the market over the past 15 years by 31.32% on an annualized basis producing an average annual return of 43.56%. Currently, Tesla has a market capitalization of $1.02 trillion.  Buying $100 In TSLA: If an ... Full story av…",Biztoc.com,Auto,0.2263,positive,334.36,2025-07-28T11:27:55.330454+00:00,9.04
TSLA,2025-07-25T22:02:36Z,Hurricane season is heating up and these Canadian oil stocks are poised to benefit,"The week in stocks: Tesla hit the skids, what's driving meme stocks and analysts rethink targets on major Canadian firms. Find out more.",Financial Post,Auto,0.6124,positive,334.36,2025-07-28T11:27:55.330454+00:00,9.04
TSLA,2025-07-25T19:05:09Z,Cathie Wood is Buying the Post-Earnings Dip in Tesla Stock. Should You?,Famed investor Cathie Wood has loaded up on TSLA shares on the post-earnings weakness. Morgan Stanley continues to see Tesla stock as a top pick.,Barchart.com,Auto,0.0516,positive,334.36,2025-07-28T11:27:55.330454+00:00,10.05
TSLA,2025-07-25T18:18:25Z,Tesla Could Roll Out Robotaxis in San Francisco Soon. Its Stock Is Rising.,"Tesla could be set to launch its robotaxi service in San Francisco as early as this weekend, according to a Business Insider report Friday. The stock is on...",Investopedia,Auto,0.0,neutral,334.36,2025-07-28T11:27:55.330454+00:00,9.89
TSLA,2025-07-25T17:01:58Z,Speculative frenzy raises risk of stock market downturn: Goldman Sachs,Goldman Sachs analysts are sounding the alarm on speculative trades. They could be signaling a market pullback ahead.,Yahoo Entertainment,Auto,-0.6124,negative,334.36,2025-07-28T11:27:55.330454+00:00,10.99
TSLA,2025-07-25T15:05:13Z,Hulk Hogan leaves behind a thriving business at WWE: Opening Bid top takeaway,"In This Article: It has been an attention-grabbing week for investors. Tesla (TSLA) had a far from electric quarter, while Alphabet (GOOG, GOOGL) bested expectations with impressive earnings numbers. And naturally, we had a fresh dose of Trump and Powell dram…",Biztoc.com,Auto,0.7506,positive,334.36,2025-07-28T11:27:55.330454+00:00,10.08
TSLA,2025-07-25T14:52:20Z,Hulk Hogan leaves behind a thriving business at WWE: Opening Bid top takeaway,Hulk Hogan leaves behind a thriving WWE business inside the TKO Group.,Yahoo Entertainment,Auto,0.2023,positive,334.36,2025-07-28T11:27:55.330454+00:00,10.08
NVDA,2025-07-27T10:51:09Z,Second Quarter Earnings Season: Google Reinforces The AI Story,"The second-quarter earnings season enters its busiest week. The economic calendar is packed with GDP, tariffs, the Fed, and the monthly jobs reports.",Forbes,Semiconductors,0.0,neutral,172.74,2025-07-28T11:27:55.330454+00:00,-0.61
NVDA,2025-07-27T09:04:48Z,Swmg LLC Takes Position in NVIDIA Corporation (NASDAQ:NVDA),"Swmg LLC bought a new position in shares of NVIDIA Corporation (NASDAQ:NVDA – Free Report) during the first quarter, according to its most recent 13F filing with the Securities & Exchange Commission. The fund bought 4,258 shares of the computer hardware maker…",ETF Daily News,Semiconductors,0.836,positive,172.74,2025-07-28T11:27:55.330454+00:00,-0.61
NVDA,2025-07-27T09:04:48Z,Mainstream Capital Management LLC Has $3.26 Million Stake in NVIDIA Corporation (NASDAQ:NVDA),"Mainstream Capital Management LLC grew its position in NVIDIA Corporation (NASDAQ:NVDA – Free Report) by 2.9% in the 1st quarter, Holdings Channel.com reports. The institutional investor owned 30,041 shares of the computer hardware maker’s stock after acquiri…",ETF Daily News,Semiconductors,0.6705,positive,172.74,2025-07-28T11:27:55.330454+00:00,-0.61
NVDA,2025-07-27T08:22:44Z,NVIDIA Corporation (NASDAQ:NVDA) Holdings Lessened by Harbour Trust & Investment Management Co,"Harbour Trust & Investment Management Co trimmed its holdings in shares of NVIDIA Corporation (NASDAQ:NVDA – Free Report) by 5.4% during the 1st quarter, Holdings Channel reports. The institutional investor owned 883,923 shares of the computer hardware maker’…",ETF Daily News,Semiconductors,0.9231,positive,172.74,2025-07-28T11:27:55.330454+00:00,-0.61
NVDA,2025-07-27T07:48:48Z,Physician Wealth Advisors Inc. Grows Stock Holdings in NVIDIA Corporation (NASDAQ:NVDA),"Physician Wealth Advisors Inc. grew its stake in shares of NVIDIA Corporation (NASDAQ:NVDA – Free Report) by 5.6% during the 1st quarter, according to the company in its most recent disclosure with the Securities and Exchange Commission (SEC). The institution…",ETF Daily News,Semiconductors,0.9201,positive,172.74,2025-07-28T11:27:55.330454+00:00,-0.61
NVDA,2025-07-27T07:48:48Z,"Equita Financial Network Inc. Purchases 2,380 Shares of NVIDIA Corporation (NASDAQ:NVDA)","Equita Financial Network Inc. increased its position in shares of NVIDIA Corporation (NASDAQ:NVDA – Free Report) by 38.1% during the first quarter, according to the company in its most recent disclosure with the Securities and Exchange Commission. The firm ow…",ETF Daily News,Semiconductors,0.875,positive,172.74,2025-07-28T11:27:55.330454+00:00,-0.61
NVDA,2025-07-27T07:48:47Z,"Aaron Wealth Advisors LLC Sells 51,169 Shares of NVIDIA Corporation (NASDAQ:NVDA)","Aaron Wealth Advisors LLC cut its stake in shares of NVIDIA Corporation (NASDAQ:NVDA – Free Report) by 26.8% in the 1st quarter, according to its most recent Form 13F filing with the SEC. The institutional investor owned 140,015 shares of the computer hardwar…",ETF Daily News,Semiconductors,0.9217,positive,172.74,2025-07-28T11:27:55.330454+00:00,-0.61
NVDA,2025-07-27T07:48:47Z,Reliant Wealth Planning Sells 474 Shares of NVIDIA Corporation (NASDAQ:NVDA),"Reliant Wealth Planning cut its stake in shares of NVIDIA Corporation (NASDAQ:NVDA – Free Report) by 17.4% during the 1st quarter, according to the company in its most recent disclosure with the Securities & Exchange Commission. The institutional investor own…",ETF Daily News,Semiconductors,0.9349,positive,172.74,2025-07-28T11:27:55.330454+00:00,-0.61
NVDA,2025-07-27T07:48:46Z,"Coastline Trust Co Sells 25,732 Shares of NVIDIA Corporation (NASDAQ:NVDA)","Coastline Trust Co trimmed its position in NVIDIA Corporation (NASDAQ:NVDA – Free Report) by 5.1% in the first quarter, Holdings Channel.com reports. The firm owned 477,399 shares of the computer hardware maker’s stock after selling 25,732 shares during the p…",ETF Daily News,Semiconductors,0.9382,positive,172.74,2025-07-28T11:27:55.330454+00:00,-0.61
NVDA,2025-07-27T07:48:46Z,NVIDIA Corporation (NASDAQ:NVDA) Stock Position Increased by Klingenstein Fields & Co. LP,"Klingenstein Fields & Co. LP increased its position in NVIDIA Corporation (NASDAQ:NVDA – Free Report) by 2.9% in the 1st quarter, according to the company in its most recent Form 13F filing with the Securities & Exchange Commission. The firm owned 429,068 sha…",ETF Daily News,Semiconductors,0.8271,positive,172.74,2025-07-28T11:27:55.330454+00:00,-0.61
NVDA,2025-07-27T06:40:43Z,Best Technology Stocks To Watch Today – July 25th,"NVIDIA, Palantir Technologies, Advanced Micro Devices, Microsoft, and Apple are the five Technology stocks to watch today, according to MarketBeat’s stock screener tool. Technology stocks are shares of publicly traded companies whose primary business involves…",ETF Daily News,Semiconductors,0.8126,positive,172.74,2025-07-28T11:27:55.330454+00:00,-0.61
NVDA,2025-07-27T06:06:46Z,Top Metaverse Stocks To Follow Now – July 25th,"NVIDIA, Accenture, and Globant are the three Metaverse stocks to watch today, according to MarketBeat’s stock screener tool. Metaverse stocks are shares in publicly traded companies whose core businesses involve building or enabling the metaverse—a collective…",ETF Daily News,Semiconductors,0.4588,positive,172.74,2025-07-28T11:27:55.330454+00:00,-0.61
NVDA,2025-07-26T17:00:09Z,Prediction: Nvidia Will Soar Over the Next 5 Years. Here's 1 Reason Why,"In This Article: Key Points - Nvidia has the most powerful computer chips, and the major AI developers rely on them to drive their businesses. - The total AI opportunity is expected to increase at a high rate over the next five years. Nvidia (NASDAQ: NVDA) ha…",Biztoc.com,Semiconductors,0.8162,positive,172.74,2025-07-28T11:27:55.330454+00:00,-0.95
NVDA,2025-07-26T12:00:00Z,"If Trump Fires Powell, You’ll Want Own This 8.4% Dividend","Fire Powell? Keep him around? The question never seems to go away—and the markets, fueled by the so-called “TACO” trade, are shrugging it all off.",Forbes,Semiconductors,-0.3527,negative,172.74,2025-07-28T11:27:55.330454+00:00,-0.53
NVDA,2025-07-26T11:00:02Z,Alphabet Had a ‘Standout Quarter.’ Should You Buy GOOG Stock Here?,Alphabet stock rose only slightly yesterday despite the company posting stellar Q2 results. Here’s what drove the divergence and whether the stock is a good ...,Barchart.com,Semiconductors,0.4404,positive,172.74,2025-07-28T11:27:55.330454+00:00,-0.53
NVDA,2025-07-26T07:50:50Z,RoundAngle Advisors LLC Raises Stock Holdings in NVIDIA Corporation (NASDAQ:NVDA),"RoundAngle Advisors LLC boosted its holdings in shares of NVIDIA Corporation (NASDAQ:NVDA – Free Report) by 11.1% during the first quarter, HoldingsChannel.com reports. The firm owned 19,090 shares of the computer hardware maker’s stock after purchasing an ad…",ETF Daily News,Semiconductors,0.8481,positive,172.74,2025-07-28T11:27:55.330454+00:00,-0.53
NVDA,2025-07-26T07:50:50Z,Smith Group Asset Management LLC Boosts Holdings in NVIDIA Corporation (NASDAQ:NVDA),"Smith Group Asset Management LLC grew its position in NVIDIA Corporation (NASDAQ:NVDA – Free Report) by 1.2% during the first quarter, according to the company in its most recent filing with the Securities and Exchange Commission (SEC). The fund owned 67,715 …",ETF Daily News,Semiconductors,0.8957,positive,172.74,2025-07-28T11:27:55.330454+00:00,-0.53
NVDA,2025-07-26T07:50:50Z,Rossby Financial LCC Boosts Holdings in NVIDIA Corporation (NASDAQ:NVDA),"Rossby Financial LCC grew its position in NVIDIA Corporation (NASDAQ:NVDA – Free Report) by 65.9% in the 1st quarter, according to the company in its most recent 13F filing with the Securities and Exchange Commission (SEC). The firm owned 17,501 shares of the…",ETF Daily News,Semiconductors,0.8402,positive,172.74,2025-07-28T11:27:55.330454+00:00,-0.53
NVDA,2025-07-26T07:50:50Z,Pictet North America Advisors SA Has $4.88 Million Stock Position in NVIDIA Corporation (NASDAQ:NVDA),"Pictet North America Advisors SA raised its holdings in NVIDIA Corporation (NASDAQ:NVDA – Free Report) by 4.6% in the 1st quarter, according to the company in its most recent filing with the SEC. The firm owned 44,988 shares of the computer hardware maker’s s…",ETF Daily News,Semiconductors,0.6705,positive,172.74,2025-07-28T11:27:55.330454+00:00,-0.53
NVDA,2025-07-26T07:50:49Z,BetterWealth LLC Buys 151 Shares of NVIDIA Corporation (NASDAQ:NVDA),"BetterWealth LLC raised its stake in shares of NVIDIA Corporation (NASDAQ:NVDA – Free Report) by 0.8% during the 1st quarter, according to the company in its most recent Form 13F filing with the Securities and Exchange Commission (SEC). The institutional inve…",ETF Daily News,Semiconductors,0.836,positive,172.74,2025-07-28T11:27:55.330454+00:00,-0.53
META,2025-07-27T11:21:38Z,This Bracelet from Meta Translates Hand Movements into Computer Actions,"Designed inside Meta's Reality Labs, it's one of the first major offerings from the in-house department since the collapse of the ""Metaverse""",Good News Network,Media,0.0,neutral,706.62,2025-07-28T11:27:55.330454+00:00,-0.97
META,2025-07-27T11:00:21Z,Every 60s Animated TV Show Reference In The Fantastic Four: First Steps,"The Fantastic Four: First Steps was a nostalgic journey through the Fantastic Four's animated past, cleverly woven into the MCU's latest offering.",Screen Rant,Media,0.9337,positive,706.62,2025-07-28T11:27:55.330454+00:00,-0.97
META,2025-07-27T11:00:00Z,What Would Social Media Look Like if it Was Made for Women? How Women are Navigating Social Media During the Second Trump Administration,"Following the 2024 election and the presidential inauguration, women faced a dramatic increase in online harassment. Across X, TikTok, Facebook and other social platforms, statements calling for the repeal of the 19th Amendment resurfaced and increased by 633…",Ms. Magazine,Media,0.34,positive,706.62,2025-07-28T11:27:55.330454+00:00,-0.97
META,2025-07-27T10:51:09Z,Second Quarter Earnings Season: Google Reinforces The AI Story,"The second-quarter earnings season enters its busiest week. The economic calendar is packed with GDP, tariffs, the Fed, and the monthly jobs reports.",Forbes,Media,0.0,neutral,706.62,2025-07-28T11:27:55.330454+00:00,-0.97
META,2025-07-27T09:28:57Z,Salon Marketing Strategies: 13 Ideas To Help Your Hair Business Thrive (2025) - Shopify Hong Kong SAR,These best practices and salon marketing strategies will help you capture potential clients and build a strong following.,Shopify.com,Media,0.9169,positive,706.62,2025-07-28T11:27:55.330454+00:00,-0.97
META,2025-07-27T09:21:13Z,Constrained languages are easier to optimize,"exposing raw pointers make the optimizer’s job horribly hard. high level languages can constrain your program, making more optimizations sound.",Jyn.dev,Media,0.2247,positive,706.62,2025-07-28T11:27:55.330454+00:00,-0.97
META,2025-07-27T08:30:18Z,I spent a weekend with Meta's new Oakley smart glasses - they beat my Ray-Bans in every way,"Meta's new Oakley smart glasses offer an impressive eight hours of battery life and can record 3K video, all while maintaining a stylish design.",ZDNet,Media,0.8271,positive,706.62,2025-07-28T11:27:55.330454+00:00,-0.97
META,2025-07-27T08:01:29Z,"A look at the tensions between Meta, Apple, and Google on whether apps or app stores should check if a user is a minor, as states work on age verification bills",,Biztoc.com,Media,-0.4019,negative,706.62,2025-07-28T11:27:55.330454+00:00,-0.97
META,2025-07-27T08:00:01Z,"Microsoft Weekly: a new Surface, big Windows 11 feature update, and more","A big Windows 11 feature update, useful stuff for the end of Windows 10 support, browser updates, and more in this week's Microsoft Weekly news recap. Read more...",Neowin,Media,0.6808,positive,706.62,2025-07-28T11:27:55.330454+00:00,-0.97
META,2025-07-27T07:24:01Z,It's a tough time to be a middle manager as layoffs and increased responsibilities bite. BI wants to hear from you.,BI wants to hear from middle managers. Tell us about your experience by filling out a quick form.,Business Insider,Media,0.1531,positive,706.62,2025-07-28T11:27:55.330454+00:00,-0.97
META,2025-07-27T07:07:09Z,When We Get Komooted,Article URL: https://bikepacking.com/plog/when-we-get-komooted/ Comments URL: https://news.ycombinator.com/item?id=44699421 Points: 7 # Comments: 0,Bikepacking.com,Media,0.0,neutral,706.62,2025-07-28T11:27:55.330454+00:00,-0.97
META,2025-07-27T07:06:53Z,htmx web socket extension not rendering server messages,"I'm using the below to render model initial counts on load. consumers.py: from channels.generic.websocket import WebsocketConsumer from django.template.loader import render_to_string from myapp.models import Model1, Model2, Model3, Model4   class DashboardHea…",Stackoverflow.com,Media,0.0,neutral,706.62,2025-07-28T11:27:55.330454+00:00,-0.97
META,2025-07-27T07:04:15Z,Jeff Bezos sells $1.5 billion in Amazon shares: Here's how much he still owns,"Amazon founder Jeff Bezos has sold 6.6 million shares worth around $1.5 billion, according to a filing with the US SEC. The sale, executed just days before Amazon's Q2 earnings release, follows a steady pattern of disposals under a Rule 10b5-1 trading plan. S…",The Times of India,Media,0.7717,positive,706.62,2025-07-28T11:27:55.330454+00:00,-0.97
META,2025-07-27T06:59:59Z,7 Game-Changing AI Features Coming to WhatsApp,"Discover the “ 7 Game-Changing AI Features Coming to WhatsApp ” to boost productivity, privacy, and fun with Meta’s latest in-app AI tools.",Smashingapps.com,Media,0.7184,positive,706.62,2025-07-28T11:27:55.330454+00:00,-0.97
META,2025-07-27T05:56:00Z,"Mark O'Connell: If you didn’t have qualms about Spotify before, wait until you hear what its founder has done","Over the past couple of years, tech investors have pivoted toward a collective embrace of the military-industrial complex",The Irish Times,Media,0.3182,positive,706.62,2025-07-28T11:27:55.330454+00:00,-0.97
META,2025-07-27T05:47:58Z,Is the air you breathe silently fueling dementia? A 29-million-person study says yes,"Air pollution isn&apos;t just bad for your lungs—it may be eroding your brain. In a sweeping review covering nearly 30 million people, researchers found that common pollutants like PM2.5, nitrogen dioxide, and soot are all linked to a significantly higher ris…",Science Daily,Media,0.1779,positive,706.62,2025-07-28T11:27:55.330454+00:00,-0.97
META,2025-07-27T04:20:37Z,"Fed meet, Q1 earnings and Trump tariffs among 10 factors to impact stock markets this week","Indian benchmark indices ended the week lackluster, with Nifty finishing the week 0.5% lower. A host of important domestic and global events lined up during the week are likely to impact stock markets when they resume trading on Monday.",The Times of India,Media,0.3182,positive,706.62,2025-07-28T11:27:55.330454+00:00,-0.97
META,2025-07-27T04:06:30Z,"The Tim Ferriss Show Transcripts: Rhonda Patrick, Ph.D. — Protocols for Fasting, Lowering Dementia Risk, Reversing Heart Aging, Using Sauna for Longevity (Hotter is Not Better), and a Few Supplements That Might Actually Matter (#819)","Please enjoy this transcript of my interview with Rhonda Patrick, Ph.D. (@foundmyfitness), a biomedical scientist and the founder of FoundMyFitness, a platform dedicated to delivering rigorous, evidence-based insights on improving healthspan and mitigating ag…",Tim.blog,Media,0.8399,positive,706.62,2025-07-28T11:27:55.330454+00:00,-0.97
META,2025-07-27T04:01:49Z,"Wordle hints today for #1,499: Clues and answer for Sunday, July 27",Does today's Wordle have you stumped? Here are some hints and the answer.,Yahoo Entertainment,Media,0.0,neutral,706.62,2025-07-28T11:27:55.330454+00:00,-0.97
